Color,Rmin,Rmax,Gmin,Gmax,Bmin,Bmax,rMin,rMax,gMin,gMax,bMin,bMax
Gray25Violet13,71,81,62,72,77,87,0.338,0.338,0.295,0.3,0.363,0.367
Gray14Violet2,148,152,109,115,110,115,0.398,0.403,0.297,0.301,0.3,0.301
Gray20Violet10,111,118,90,97,88,98,0.377,0.384,0.308,0.314,0.303,0.313
Gray20Violet11,108,113,84,88,82,87,0.394,0.396,0.303,0.307,0.299,0.303
Gray9Violet9,123,129,115,118,132,143,0.328,0.334,0.303,0.31,0.356,0.367
Gray20Violet10,96,110,91,101,107,117,0.323,0.356,0.298,0.314,0.346,0.364
Gray20Violet10,99,109,85,89,117,125,0.318,0.344,0.273,0.285,0.382,0.402
Gray15Violet2,147,150,102,106,103,107,0.413,0.418,0.287,0.296,0.287,0.301
Gray14Violet2,146,154,115,119,112,117,0.399,0.405,0.3,0.309,0.291,0.299
Gray9Violet7,153,161,140,149,157,167,0.335,0.341,0.311,0.315,0.345,0.352
Gray9Violet7,146,150,141,147,159,161,0.326,0.328,0.316,0.321,0.352,0.357
Gray9Violet8,140,149,128,134,147,155,0.335,0.343,0.3,0.31,0.354,0.357
Gray9Violet6,159,167,153,160,170,178,0.327,0.339,0.31,0.321,0.351,0.354
Gray25Violet13,76,84,42,81,66,77,0.398,0.417,0.225,0.246,0.348,0.374
Gray25Violet13,76,86,47,58,75,84,0.364,0.398,0.217,0.278,0.352,0.387
Gray25Violet14,70,77,36,46,60,69,0.4,0.429,0.206,0.245,0.346,0.394
Gray20Violet12,112,120,57,62,67,76,0.465,0.479,0.238,0.247,0.277,0.295
Gray20Violet10,133,137,77,83,90,96,0.434,0.445,0.256,0.263,0.297,0.304
Gray20Violet10,130,135,94,97,100,101,0.401,0.405,0.29,0.29,0.303,0.309
Gray14Violet1,162,165,137,139,141,144,0.367,0.369,0.31,0.312,0.319,0.322
Gray7Violet5,189,191,153,153,155,155,0.38,0.386,0.308,0.309,0.305,0.312
Gray8Violet8,155,158,112,116,112,117,0.404,0.411,0.295,0.297,0.295,0.299
Gray20Violet10,116,125,95,103,97,101,0.375,0.386,0.311,0.315,0.3,0.314
Gray9Violet9,137,139,115,117,131,133,0.357,0.358,0.3,0.301,0.342,0.342
Gray9Violet9,130,131,109,110,122,123,0.359,0.361,0.301,0.303,0.336,0.34
Gray9Violet9,135,137,114,115,129,131,0.357,0.358,0.3,0.302,0.341,0.342
Gray7Violet10,140,144,116,119,34,137,0.359,0.36,0.297,0.298,0.343,0.344
Gray8Violet7,155,157,131,133,133,135,0.369,0.37,0.311,0.314,0.317,0.318
Gray9Violet6,163,165,144,146,155,157,0.353,0.353,0.312,0.312,0.335,0.335
Gray9Violet8,141,145,116,119,119,122,0.375,0.376,0.308,0.309,0.316,0.316
Gray20Violet9,138,140,108,110,109,111,0.388,0.389,0.304,0.305,0.307,0.307
Gray20Violet10,125,129,94,98,97,100,0.389,0.399,0.291,0.302,0.306,0.31
Gray20Violet9,127,130,106,107,104,113,0.369,0.381,0.305,0.314,0.305,0.326
Gray14Violet2,155,157,119,121,122,123,0.389,0.393,0.298,0.304,0.307,0.309
Gray8Violet8,154,156,114,116,119,121,0.397,0.398,0.295,0.295,0.307,0.308
Gray9Violet7,149,151,135,137,149,152,0.343,0.344,0.311,0.312,0.344,0.346
Gray14Pink1,164,166,143,145,146,148,0.362,0.362,0.316,0.316,0.322,0.322
Gray6Pink3,214,220,184,191,173,180,0.372,0.377,0.32,0.323,0.303,0.305
Gray7Pink4,208,213,182,182,170,172,0.371,0.376,0.321,0.325,0.303,0.304
Gray6Pink5,201,210,144,152,140,150,0.405,0.415,0.291,0.301,0.288,0.298
Gray6Pink6,192,194,134,137,131,134,0.417,0.42,0.293,0.295,0.287,0.288
Gray4Pink5,216,221,142,146,138,144,0.432,0.435,0.286,0.286,0.278,0.282
Gray5Pink4,221,222,167,167,162,164,0.401,0.402,0.302,0.304,0.295,0.297
Gray6Pink4,199,209,152,159,149,155,0.393,0.404,0.298,0.312,0.292,0.304
Gray5Pink4,214,218,149,155,154,158,0.406,0.415,0.288,0.294,0.297,0.3
Gray6Pink8,173,180,94,104,125,134,0.43,0.441,0.24,0.249,0.317,0.323
Gray3Pink5,221,229,114,120,111,114,0.489,0.499,0.254,0.265,0.245,0.247
Gray6Pink8,173,177,109,113,100,104,0.449,0.453,0.285,0.287,0.262,0.265
Gray6Pink7,178,180,118,120,110,112,0.437,0.438,0.291,0.291,0.271,0.272
Gray6Pink8,173,175,98,100,92,94,0.474,0.477,0.27,0.271,0.253,0.255
Gray7Pink9,152,161,82,90,93,101,0.452,0.465,0.251,0.261,0.284,0.287
Gray6Pink9,168,173,82,88,89,94,0.481,0.496,0.242,0.251,0.261,0.268
Gray14Pink2,147,151,110,112,112,118,0.392,0.399,0.294,0.298,0.304,0.312
Gray7Pink4,207,212,168,177,165,175,0.373,0.383,0.311,0.315,0.306,0.312
Gray7Pink3,212,215,182,185,180,183,0.366,0.372,0.316,0.319,0.313,0.316
Gray7Pink2,219,225,198,205,196,203,0.355,0.359,0.322,0.328,0.318,0.321
Gray3Pink2,236,242,194,199,172,175,0.392,0.393,0.322,0.323,0.284,0.286
Gray2Pink2,240,245,189,196,171,174,0.395,0.405,0.312,0.32,0.282,0.288
Gray5Pink4,215,221,178,183,159,165,0.388,0.394,0.321,0.322,0.285,0.29
Gray6Pink5,195,201,143,153,132,142,0.405,0.415,0.304,0.308,0.28,0.287
Gray10Pink4,181,186,148,154,145,151,0.379,0.383,0.312,0.314,0.305,0.308
Gray12Pink1,183,188,154,157,146,151,0.378,0.379,0.317,0.319,0.302,0.304
Gray7Pink8,161,167,102,105,93,98,0.451,0.452,0.284,0.287,0.261,0.265
Gray7Pink7,178,183,123,126,116,119,0.427,0.429,0.294,0.295,0.277,0.278
Gray6Pink7,188,191,124,128,112,119,0.432,0.446,0.291,0.294,0.263,0.274
Gray6Pink6,188,194,128,134,120,126,0.427,0.432,0.294,0.295,0.273,0.278
Gray6Pink7,181,183,121,124,113,116,0.433,0.436,0.292,0.293,0.272,0.274
Gray6Pink6,187,192,139,144,126,131,0.411,0.414,0.308,0.309,0.279,0.281
Gray6Pink7,182,184,130,132,114,117,0.425,0.427,0.304,0.306,0.268,0.271
Gray7Pink8,166,169,119,122,110,113,0.418,0.42,0.301,0.302,0.278,0.28
Gray14Pink3,147,152,113,118,105,111,0.399,0.406,0.306,0.311,0.286,0.293
Gray15Pink1,146,149,121,127,114,119,0.377,0.383,0.317,0.322,0.299,0.304
Gray12Pink4,150,153,124,128,119,124,0.378,0.382,0.316,0.316,0.301,0.306
Gray13Pink2,156,157,114,116,100,105,0.414,0.423,0.307,0.308,0.27,0.279
Gray7Pink9,156,159,104,105,88,90,0.446,0.453,0.296,0.297,0.251,0.257
Gray6Pink9,167,171,89,93,82,87,0.485,0.496,0.262,0.265,0.242,0.25
Gray14Pink3,151,154,100,102,100,104,0.427,0.43,0.283,0.285,0.285,0.289
Gray7Pink8,159,162,111,116,107,113,0.414,0.422,0.294,0.298,0.284,0.289
Gray7Pink8,161,163,114,118,111,115,0.412,0.42,0.294,0.298,0.286,0.29
Gray7Pink8,163,166,118,123,114,118,0.408,0.416,0.297,0.302,0.287,0.29
Gray7Pink5,194,195,146,150,145,150,0.393,0.401,0.3,0.304,0.298,0.304
Gray7Pink5,198,201,157,160,155,161,0.384,0.392,0.306,0.307,0.302,0.309
Gray14Pink3,146,150,107,107,97,101,0.419,0.422,0.298,0.299,0.28,0.282
Gray14Pink2,161,163,127,129,118,120,0.396,0.397,0.313,0.313,0.291,0.291
Gray14Pink2,159,161,123,125,114,116,0.399,0.403,0.31,0.312,0.287,0.289
Gray13Pink2,166,168,129,131,123,125,0.396,0.397,0.309,0.309,0.294,0.295
Gray7Pink7,174,174,133,135,129,131,0.395,0.399,0.305,0.307,0.296,0.298
Gray7Pink7,182,185,133,137,118,123,0.416,0.42,0.307,0.308,0.273,0.276
Gray7Pink7,174,181,127,131,111,117,0.412,0.425,0.303,0.312,0.269,0.277
Gray6Pink4,208,214,168,172,150,157,0.393,0.4,0.317,0.32,0.282,0.289
Gray7Pink6,185,187,138,140,128,130,0.408,0.412,0.305,0.307,0.283,0.285
Gray7Pink7,175,178,129,136,120,126,0.403,0.413,0.304,0.31,0.283,0.288
Gray7Pink5,190,192,152,154,149,151,0.386,0.387,0.31,0.31,0.303,0.304
Gray7Pink5,195,197,157,159,154,156,0.385,0.385,0.31,0.311,0.304,0.305
Gray7Pink6,180,182,143,145,134,136,0.393,0.394,0.313,0.313,0.293,0.294
Gray7Pink7,176,178,139,141,130,132,0.395,0.396,0.312,0.313,0.292,0.293
Gray3Pink2,240,242,204,206,190,192,0.376,0.381,0.321,0.323,0.299,0.301
Gray6Pink5,196,198,155,157,140,142,0.396,0.402,0.314,0.317,0.284,0.287
Gray7Pink10,135,137,89,91,84,86,0.436,0.438,0.289,0.29,0.273,0.274
Gray5Pink7,194,196,103,105,104,106,0.479,0.486,0.256,0.259,0.258,0.262
Gray5Pink6,204,206,124,126,125,127,0.446,0.453,0.273,0.276,0.275,0.278
Gray3Pink2,239,241,173,175,172,174,0.406,0.411,0.295,0.298,0.294,0.296
Gray1Pink3,245,247,153,155,156,158,0.439,0.444,0.275,0.278,0.281,0.283
Gray4Pink4,221,223,147,149,144,146,0.428,0.434,0.286,0.289,0.28,0.283
Gray3Pink4,233,235,143,145,142,144,0.446,0.452,0.275,0.278,0.273,0.276
Gray6Pink7,184,186,116,118,103,105,0.455,0.457,0.288,0.289,0.256,0.258
Gray6Pink8,163,169,102,107,85,92,0.452,0.466,0.291,0.294,0.243,0.255
Gray5Pink8,185,187,93,95,90,92,0.497,0.505,0.251,0.255,0.243,0.247
Gray16Pink3,112,114,85,87,76,78,0.409,0.41,0.311,0.312,0.278,0.28
Gray16Pink3,120,122,92,94,83,85,0.401,0.412,0.31,0.314,0.279,0.284
Gray15Pink3,134,137,99,102,94,99,0.404,0.41,0.299,0.304,0.287,0.296
Gray16Pink1,143,145,111,113,109,111,0.39,0.397,0.304,0.308,0.299,0.302
Gray16Pink1,138,140,112,114,107,109,0.382,0.39,0.312,0.316,0.298,0.302
Gray12Pink3,165,167,138,140,137,139,0.374,0.375,0.314,0.314,0.311,0.312
Gray12Pink4,147,149,121,123,120,122,0.378,0.379,0.312,0.312,0.309,0.31
Gray15Pink2,149,151,114,116,101,103,0.408,0.409,0.313,0.314,0.277,0.278
Gray14Pink2,154,156,115,117,106,108,0.409,0.411,0.307,0.307,0.283,0.283
Gray6Pink10,151,153,86,88,74,76,0.479,0.489,0.275,0.279,0.236,0.241
Gray7Pink9,156,162,98,103,88,94,0.451,0.456,0.285,0.293,0.255,0.262
Gray6Pink9,154,156,93,95,79,81,0.47,0.472,0.285,0.286,0.242,0.244
Gray7Pink1Violet3,201,208,168,176,185,191,0.356,0.363,0.303,0.309,0.332,0.335
Gray7Pink2Violet4,178,185,136,144,154,161,0.378,0.383,0.288,0.294,0.328,0.332
Gray8Pink4Violet4,159,162,116,120,117,122,0.401,0.406,0.296,0.298,0.298,0.302
Gray8Pink2Violet4,178,188,146,155,161,171,0.366,0.373,0.295,0.302,0.331,0.335
Gray8Pink2Violet4,164,173,147,156,166,176,0.336,0.355,0.304,0.312,0.341,0.355
Gray8Pink3Violet5,160,162,119,121,127,131,0.392,0.393,0.291,0.297,0.311,0.317
Gray7Pink6Violet5,119,123,67,72,69,75,0.456,0.467,0.263,0.267,0.271,0.278
Gray7Pink5Violet6,123,126,71,74,75,77,0.451,0.459,0.263,0.269,0.276,0.28
Gray7Pink5Violet2,167,168,120,123,121,122,0.407,0.409,0.294,0.298,0.295,0.297
Gray7Pink4Violet2,166,167,120,121,123,125,0.404,0.406,0.292,0.295,0.3,0.303
Gray8Pink5Violet2,168,169,123,125,122,126,0.402,0.407,0.298,0.298,0.295,0.3
Gray8Pink4Violet3,157,159,128,130,127,132,0.377,0.381,0.309,0.31,0.308,0.314
Gray8Pink4Violet5,140,150,94,105,105,114,0.402,0.407,0.284,0.292,0.304,0.309
Gray8Pink3Violet3,172,175,144,149,149,152,0.364,0.371,0.309,0.315,0.317,0.321
Gray8Pink2Violet4,181,182,145,146,149,149,0.381,0.382,0.305,0.306,0.312,0.314
Gray8Pink4Violet3,169,171,127,130,127,130,0.396,0.4,0.298,0.304,0.297,0.305
Gray8Pink6Violet1,164,166,124,128,120,123,0.398,0.402,0.304,0.307,0.294,0.295
Gray8Pink3Violet3,175,177,140,141,139,141,0.385,0.386,0.307,0.308,0.306,0.307
Gray12Pink4Violet1,154,157,119,123,115,118,0.393,0.397,0.307,0.31,0.296,0.297
Gray12Pink4Violet1,156,160,118,123,117,120,0.397,0.399,0.302,0.305,0.297,0.299
Gray8Pink6Violet2,152,155,110,112,107,109,0.411,0.414,0.297,0.3,0.289,0.29
Gray8Pink6Violet1,168,169,138,140,132,134,0.38,0.384,0.314,0.317,0.301,0.303
Gray7Pink2Violet2,197,200,166,168,169,170,0.37,0.372,0.312,0.312,0.316,0.318
Gray8Pink2Violet3,188,190,158,160,161,165,0.369,0.372,0.309,0.313,0.316,0.321
Gray8Pink3Violet5,146,148,114,116,128,130,0.375,0.377,0.292,0.296,0.329,0.331
Gray8Pink5Violet1,177,179,144,146,140,142,0.381,0.387,0.311,0.314,0.302,0.305
Gray6Pink3Violet1,212,214,169,171,177,179,0.377,0.382,0.302,0.304,0.316,0.319
Gray7Pink4Violet1,196,198,154,159,154,159,0.384,0.389,0.306,0.308,0.306,0.308
Gray6Pink3Violet1,205,207,160,162,164,166,0.385,0.39,0.301,0.304,0.309,0.311
Gray7Pink4Violet1,198,200,157,159,159,161,0.382,0.388,0.304,0.307,0.308,0.311
Gray14Pink4Violet1,115,117,82,84,77,79,0.418,0.42,0.299,0.3,0.281,0.282
Gray14Pink4Violet1,110,112,79,81,74,76,0.416,0.418,0.3,0.301,0.281,0.283
Gray8Pink5Violet5,123,125,85,87,86,88,0.416,0.419,0.285,0.294,0.291,0.295
Gray25Pink7Violet5,101,103,67,69,68,70,0.421,0.433,0.282,0.288,0.286,0.292
Gray25Pink7Violet5,106,108,71,73,75,77,0.414,0.425,0.28,0.285,0.295,0.301
Gray25Pink6Violet5,111,113,76,78,80,82,0.41,0.42,0.283,0.288,0.297,0.303
Gray8Pink5Violet5,123,125,92,94,99,101,0.387,0.396,0.291,0.296,0.313,0.318
Gray8Pink5Violet6,116,118,83,85,90,92,0.4,0.401,0.287,0.288,0.311,0.312
Gray8Pink5Violet5,121,123,86,88,93,95,0.402,0.403,0.287,0.288,0.3,0.31
Gray8Pink5Violet5,126,128,90,92,99,101,0.399,0.4,0.286,0.287,0.314,0.315
Gray16Pink2Violet1,121,123,83,85,80,82,0.42,0.43,0.29,0.295,0.28,0.285
Gray14Pink4Violet1,101,103,67,69,59,61,0.442,0.445,0.295,0.296,0.26,0.262
Gray15Pink2Violet1,128,130,91,93,89,91,0.414,0.416,0.295,0.296,0.289,0.29
Gray6Pink6Violet6,107,109,56,58,61,63,0.469,0.482,0.248,0.254,0.27,0.276
Gray8Pink3Violet1,188,190,159,161,156,158,0.373,0.374,0.316,0.316,0.31,0.31
Gray12Pink3Violet1,153,155,116,118,114,116,0.398,0.399,0.303,0.303,0.298,0.298
Gray12Pink3Violet1,173,175,146,148,144,146,0.373,0.37,0.315,0.316,0.311,0.311
Brown3,254,255,183,198,140,143,0.427,0.441,0.317,0.333,0.24,0.242
Brown3,254,255,204,212,150,159,0.407,0.418,0.336,0.34,0.247,0.254
Brown2,254,255,215,221,158,162,0.4,0.405,0.342,0.346,0.25,0.254
Brown2,254,255,220,231,165,173,0.387,0.397,0.344,0.351,0.258,0.263
Brown4,246,255,173,184,124,131,0.447,0.453,0.318,0.323,0.228,0.232
Gray2Brown4,232,236,168,170,127,130,0.438,0.44,0.317,0.319,0.241,0.245
Gray16Brown1,137,144,109,114,99,109,0.392,0.397,0.308,0.316,0.287,0.3
Gray15Brown1,142,146,117,122,113,119,0.377,0.382,0.311,0.315,0.304,0.309
Gray6Brown5,203,207,172,180,141,154,0.38,0.393,0.331,0.334,0.273,0.288
Gray6Brown3,214,221,195,200,173,181,0.363,0.371,0.331,0.336,0.295,0.303
Gray6Brown5,198,202,166,169,149,152,0.386,0.387,0.323,0.324,0.29,0.291
Gray4Brown12,128,134,78,84,34,44,0.502,0.537,0.316,0.326,0.14,0.173
Gray5Brown11,140,150,87,96,44,54,0.497,0.518,0.318,0.331,0.162,0.181
Gray5Brown10,148,157,99,108,57,65,0.473,0.485,0.32,0.331,0.183,0.198
Gray6Brown9,160,168,107,118,68,78,0.462,0.478,0.319,0.324,0.203,0.214
Gray5Brown7,201,208,137,142,99,103,0.457,0.462,0.31,0.315,0.226,0.228
Gray3Brown5,218,227,150,159,111,120,0.449,0.456,0.313,0.314,0.231,0.237
Gray6Brown7,178,188,145,154,110,117,0.41,0.412,0.334,0.336,0.253,0.256
Gray7Brown9,151,159,118,125,83,92,0.42,0.431,0.332,0.336,0.232,0.246
Gray6Brown6,184,194,151,161,118,128,0.399,0.408,0.33,0.335,0.26,0.269
Gray5Brown9,167,176,104,113,67,78,0.479,0.504,0.297,0.308,0.194,0.217
Gray6Brown4,211,216,180,185,160,165,0.382,0.383,0.327,0.327,0.29,0.292
Gray6Brown8,173,181,112,120,79,86,0.468,0.48,0.308,0.312,0.211,0.222
Gray6Brown14,78,82,51,54,39,42,0.46,0.467,0.299,0.307,0.23,0.237
Gray6Brown7,183,186,133,135,101,103,0.439,0.439,0.318,0.319,0.242,0.243
Gray6Brown8,172,177,121,124,88,90,0.45,0.453,0.317,0.319,0.23,0.231
Gray6Brown8,180,187,127,133,92,99,0.446,0.451,0.317,0.318,0.23,0.236
Gray7Brown6,176,180,148,152,129,136,0.385,0.389,0.323,0.329,0.285,0.291
Gray7Brown6,181,182,157,160,138,138,0.379,0.382,0.329,0.333,0.288,0.29
Gray2Brown2,243,246,208,212,172,178,0.384,0.393,0.332,0.335,0.275,0.281
Gray3Brown3,235,237,198,200,164,168,0.392,0.394,0.331,0.332,0.275,0.278
Gray12Brown1,186,190,169,171,156,159,0.361,0.368,0.329,0.33,0.304,0.309
Gray17Brown1,133,140,112,117,98,107,0.383,0.388,0.321,0.327,0.286,0.294
Gray17Brown1,120,125,105,110,93,97,0.373,0.379,0.327,0.33,0.292,0.297
Gray13Brown1,177,183,151,154,146,149,0.373,0.377,0.317,0.319,0.307,0.308
Gray15Brown1,154,158,129,132,105,110,0.394,0.398,0.329,0.333,0.27,0.276
Gray14Brown1,171,174,147,149,128,132,0.38,0.385,0.327,0.33,0.285,0.292
Gray7Brown10,141,145,102,107,81,86,0.429,0.435,0.313,0.317,0.25,0.256
Gray7Brown9,155,157,109,117,85,92,0.429,0.444,0.311,0.32,0.244,0.251
Gray14Brown1,161,163,142,144,128,130,0.373,0.374,0.329,0.33,0.297,0.297
Gray13Brown1,181,186,159,162,145,149,0.373,0.376,0.326,0.329,0.297,0.3
Gray16Brown2,133,135,103,106,91,94,0.402,0.407,0.315,0.318,0.278,0.281
Gray8Brown11,114,117,87,92,75,79,0.406,0.413,0.315,0.319,0.271,0.274
Gray16Brown3,115,120,90,96,78,83,0.401,0.406,0.317,0.321,0.276,0.278
Gray7Brown12,111,116,89,92,66,68,0.414,0.422,0.332,0.335,0.244,0.254
Gray7Brown11,118,122,97,99,72,76,0.405,0.419,0.333,0.334,0.247,0.261
Gray6Brown11,125,130,90,93,60,64,0.453,0.455,0.324,0.327,0.218,0.223
Gray6Brown11,135,137,96,100,66,70,0.446,0.456,0.322,0.327,0.221,0.228
Gray15Brown2,146,151,118,123,104,110,0.393,0.397,0.32,0.323,0.282,0.286
Gray13Brown2,164,169,135,141,123,129,0.385,0.389,0.32,0.323,0.291,0.294
Gray7Brown8,156,161,116,121,103,105,0.414,0.42,0.308,0.313,0.269,0.279
Gray7Brown9,159,161,117,120,95,97,0.424,0.432,0.314,0.319,0.255,0.259
Gray8Brown8,154,156,120,121,104,105,0.406,0.408,0.316,0.319,0.274,0.276
Gray7Brown7,173,178,137,142,111,116,0.408,0.411,0.325,0.326,0.264,0.266
Gray7Brown8,160,167,126,131,98,105,0.414,0.417,0.325,0.328,0.255,0.261
Gray7Brown6,184,186,142,144,123,125,0.409,0.41,0.316,0.316,0.274,0.275
Gray6Brown10,150,152,101,103,74,76,0.456,0.465,0.309,0.313,0.226,0.231
Gray3Brown4,231,233,178,180,137,139,0.42,0.425,0.325,0.327,0.25,0.25
Gray4Brown5,217,219,163,165,127,129,0.425,0.43,0.32,0.323,0.25,0.252
Gray4Brown5,222,224,169,171,132,134,0.421,0.427,0.322,0.324,0.251,0.254
Gray13Brown1,170,172,150,152,138,140,0.369,0.374,0.326,0.328,0.3,0.302
Gray13Brown1,173,175,154,156,142,144,0.366,0.372,0.327,0.33,0.301,0.304
Gray7Brown5,196,198,174,176,157,159,0.369,0.374,0.329,0.331,0.297,0.299
Gray7Brown4,199,201,178,180,161,163,0.367,0.372,0.33,0.332,0.298,0.301
Gray7Brown5,197,199,177,179,158,160,0.368,0.373,0.331,0.334,0.296,0.299
Gray15Brown1,151,153,132,134,117,119,0.374,0.381,0.328,0.332,0.291,0.295
Gray6Brown6,192,194,163,165,136,138,0.39,0.391,0.332,0.332,0.277,0.278
Gray7Brown6,186,188,156,158,131,133,0.392,0.393,0.33,0.33,0.277,0.278
Gray6Brown6,191,193,154,156,131,133,0.4,0.401,0.324,0.324,0.275,0.276
Gray6Brown5,195,197,160,162,141,143,0.392,0.393,0.323,0.323,0.284,0.285
Gray7Brown8,162,169,119,125,105,113,0.418,0.42,0.301,0.312,0.271,0.28
Gray12Brown1,182,184,161,163,154,156,0.366,0.366,0.324,0.324,0.31,0.31
Gray12Brown1Pink1,182,184,157,159,150,152,0.372,0.372,0.321,0.321,0.307,0.307
Gray5Brown2Pink2,215,221,178,183,159,165,0.388,0.394,0.321,0.322,0.285,0.29
Gray7Brown7Pink2,153,158,106,110,88,93,0.431,0.444,0.305,0.308,0.25,0.261
Gray4Brown3Pink2,223,224,153,156,125,129,0.44,0.445,0.304,0.306,0.25,0.253
Gray2Brown2Pink2,236,238,168,170,143,145,0.43,0.431,0.307,0.307,0.261,0.262
Gray3Brown2Pink2,225,227,159,164,134,139,0.428,0.434,0.307,0.309,0.259,0.262
Gray6Brown7Pink1,173,179,97,100,81,85,0.492,0.493,0.275,0.276,0.231,0.234
Gray5Brown5Pink2,190,198,102,107,86,96,0.487,0.504,0.266,0.274,0.227,0.24
Gray7Brown7Pink2,152,161,99,109,88,97,0.437,0.449,0.291,0.298,0.258,0.265
Gray7Brown4Pink2,179,183,140,143,130,132,0.399,0.4,0.312,0.312,0.288,0.29
Gray7Brown7Pink2,155,158,113,117,97,100,0.421,0.425,0.31,0.312,0.266,0.267
Gray7Brown7Pink2,155,157,111,114,97,100,0.423,0.427,0.306,0.308,0.266,0.27
Gray7Brown6Pink2,157,161,114,121,100,104,0.417,0.423,0.307,0.313,0.269,0.27
Gray6Brown6Pink2,177,182,120,124,101,105,0.443,0.445,0.302,0.302,0.254,0.255
Gray6Brown5Pink2,181,183,124,126,102,105,0.442,0.445,0.304,0.305,0.251,0.254
Gray6Brown6Pink2,177,180,120,122,98,101,0.447,0.448,0.303,0.305,0.246,0.251
Gray6Brown10Pink1,128,132,77,80,60,63,0.478,0.483,0.291,0.292,0.226,0.23
Gray7Brown9Pink1,138,143,92,96,73,78,0.451,0.303,0.241,0.455,0.304,0.246
Gray7Brown4Pink5,151,153,94,96,85,87,0.455,0.458,0.285,0.286,0.258,0.259
Gray7Brown8Pink2,144,149,88,95,79,89,0.443,0.467,0.275,0.294,0.249,0.274
Gray6Brown10Pink1,134,139,70,78,59,66,0.478,0.5,0.271,0.285,0.229,0.237
Gray7Brown5Pink1,185,193,148,156,130,139,0.395,0.4,0.32,0.32,0.281,0.285
Gray6Brown5Pink1,189,193,146,151,132,135,0.403,0.405,0.313,0.315,0.282,0.283
Gray7Brown5Pink2,178,181,134,136,118,120,0.411,0.415,0.31,0.313,0.274,0.276
Gray2Brown2Pink2,238,240,159,161,128,130,0.452,0.454,0.302,0.304,0.243,0.245
Gray3Brown2Pink3,230,232,149,151,118,120,0.459,0.465,0.299,0.301,0.236,0.24
Gray3Brown2Pink3,226,228,145,147,116,118,0.46,0.466,0.297,0.299,0.237,0.24
Gray4Brown2Pink3,219,221,141,143,115,117,0.457,0.463,0.296,0.299,0.241,0.244
Gray7Brown4Pink1,194,202,165,174,157,162,0.372,0.385,0.315,0.326,0.3,0.303
Gray8Brown5Pink1,172,174,143,145,135,137,0.379,0.385,0.316,0.319,0.299,0.302
Gray8Brown5Pink1,175,177,145,147,137,139,0.38,0.386,0.316,0.319,0.298,0.302
Gray7Brown3Pink1,189,194,161,166,154,160,0.373,0.375,0.319,0.32,0.306,0.308
Gray6Brown11Pink1,120,122,62,64,55,57,0.498,0.51,0.259,0.266,0.23,0.237
Gray5Brown3Pink2,210,211,165,168,144,147,0.4,0.406,0.317,0.32,0.277,0.28
Gray6Brown5Pink1,198,201,153,156,130,135,0.409,0.412,0.317,0.318,0.27,0.274
Gray8Brown6Pink2,150,152,108,110,109,111,0.404,0.412,0.293,0.296,0.295,0.299
Gray7Brown6Pink1,170,173,127,130,113,114,0.414,0.415,0.308,0.312,0.273,0.277
Gray7Brown6Pink2,165,167,124,126,114,116,0.407,0.411,0.307,0.309,0.282,0.284
Gray7Brown4Pink3,171,174,130,134,122,126,0.4,0.404,0.307,0.309,0.288,0.291
Gray7Brown8Pink1,159,161,115,117,95,99,0.424,0.434,0.31,0.312,0.256,0.264
Gray7Brown7Pink1,161,168,117,122,95,105,0.422,0.432,0.31,0.314,0.254,0.267
Gray7Brown6Pink1,175,177,130,132,109,111,0.412,0.423,0.314,0.314,0.263,0.264
Gray15,163,167,149,154,148,153,0.352,0.354,0.322,0.328,0.319,0.324
Gray10,177,183,190,199,204,212,0.306,0.31,0.332,0.34,0.351,0.358
Gray12,171,180,181,190,188,199,0.309,0.319,0.332,0.339,0.344,0.356
Gray9,186,197,203,210,215,224,0.303,0.315,0.335,0.338,0.347,0.361
Gray12,192,198,191,196,191,196,0.334,0.336,0.332,0.333,0.332,0.333
Gray11,193,199,182,188,199,205,0.336,0.336,0.317,0.318,0.346,0.347
Gray12,202,203,188,191,177,183,0.351,0.356,0.331,0.332,0.312,0.317
Gray12,190,193,172,173,164,173,0.359,0.361,0.32,0.327,0.312,0.322
Gray13,155,163,162,169,174,186,0.314,0.32,0.326,0.331,0.352,0.359
Gray14,166,169,170,179,177,187,0.3316,0.324,0.33,0.335,0.345,0.35
Gray16,146,153,146,156,149,159,0.327,0.333,0.331,0.336,0.334,0.34
Gray15,164,168,157,163,157,165,0.339,0.344,0.326,0.331,0.327,0.333
Gray14,168,174,158,164,146,152,0.355,0.356,0.335,0.335,0.309,0.31
Gray12,189,194,176,183,167,176,0.35,0.355,0.328,0.334,0.313,0.319
Gray17,141,143,132,134,115,117,0.363,0.363,0.34,0.34,0.296,0.297
Gray17,143,147,138,141,132,135,0.345,0.348,0.333,0.334,0.319,0.321
Gray18,125,130,122,126,122,129,0.336,0.344,0.323,0.332,0.33,0.336
Gray25,104,109,89,96,80,86,0.376,0.386,0.323,0.34,0.284,0.299
Gray25,93,101,86,95,82,92,0.346,0.357,0.322,0.336,0.314,0.325
Gray20,111,119,109,118,109,116,0.329,0.341,0.328,0.337,0.323,0.34
Gray25,111,114,98,104,95,103,0.355,0.367,0.321,0.324,0.312,0.321
Gray20,120,123,112,117,108,115,0.345,0.353,0.321,0.331,0.317,0.327
Gray20,119,121,108,114,96,101,0.36,0.368,0.334,0.339,0.297,0.301
Gray20,120,124,103,107,94,98,0.376,0.384,0.319,0.329,0.295,0.298
Gray17,135,137,115,119,108,111,0.373,0.38,0.319,0.327,0.299,0.302
Gray18,132,137,121,125,111,113,0.358,0.368,0.328,0.339,0.301,0.304
Gray18,125,127,107,113,91,96,0.378,0.387,0.331,0.336,0.282,0.286
Gray25,80,83,63,67,58,63,0.384,0.398,0.308,0.319,0.289,0.3
Gray25,86,88,69,71,64,66,0.389,0.395,0.309,0.321,0.29,0.3
Gray17,143,147,127,130,119,123,0.368,0.368,0.325,0.326,0.306,0.308
Gray17,135,137,125,127,123,125,0.349,0.356,0.325,0.328,0.319,0.323
Gray16,148,150,138,140,147,149,0.341,0.42,0.317,0.32,0.338,0.342
Gray13,157,161,134,139,129,135,0.37,0.374,0.319,0.32,0.307,0.31
Gray16,143,146,124,126,114,117,0.375,0.377,0.322,0.325,0.299,0.301
Gray17,140,142,120,122,109,111,0.379,0.379,0.325,0.3325,0.295,0.296
Gray16,151,153,135,137,124,126,0.368,0.368,0.329,0.329,0.302,0.303
Gray18,120,122,98,100,87,89,0.392,0.393,0.321,0.322,0.285,0.286
Gray16,152,154,136,138,136,138,0.355,0.362,0.312,0.322,0.319,0.322
Gray16,155,157,139,141,138,140,0.356,0.362,0.32,0.323,0.318,0.321
Gray20,111,113,99,101,90,92,0.365,0.374,0.328,0.332,0.298,0.303
Gray7Red3Violet8,113,115,74,76,86,88,0.412,0.414,0.271,0.272,0.315,0.315
Gray9Red3Violet8,116,118,79,81,94,96,0.4,0.401,0.273,0.275,0.325,0.325
Gray8Red3Violet7,121,123,90,92,104,106,0.383,0.384,0.286,0.287,0.33,0.33
Gray7Pink5Red2,172,177,115,123,112,120,0.421,0.431,0.288,0.293,0.281,0.286
Gray7Pink5Red2,180,184,127,133,124,129,0.413,0.418,0.295,0.298,0.288,0.29
Gray7Pink6Red2,162,167,105,109,100,106,0.437,0.441,0.285,0.288,0.272,0.277
Gray8Pink6Red2,154,157,102,106,104,107,0.424,0.428,0.283,0.286,0.289,0.292
Gray5Pink2Red6,181,183,81,83,81,83,0.522,0.53,0.235,0.239,0.235,0.239
Gray6Pink7Red3,149,151,80,84,69,72,0.493,0.5,0.264,0.275,0.232,0.238
Gray6Pink7Red3,145,149,75,81,65,71,0.497,0.509,0.263,0.27,0.228,0.237
Gray6Red8Brown3,140,149,59,65,61,68,0.52,0.54,0.226,0.235,0.228,0.249
Gray5Red7Brown3,159,161,70,73,63,67,0.538,0.545,0.237,0.246,0.215,0.224
Gray4Red10,153,187,37,55,39,69,0.55,0.7,0.14,0.2,0.15,0.25
Gray6Red9,153,163,71,79,74,86,0.495,0.513,0.236,0.242,0.248,0.263
Gray6Red10,145,147,72,74,87,89,0.474,0.477,0.237,0.239,0.286,0.287
Gray6Red11,134,136,67,69,76,78,0.481,0.484,0.242,0.244,0.274,0.276
Gray6Red9,154,155,79,85,87,89,0.47,0.483,0.246,0.259,0.271,0.271
White1,201,211,201,211,201,211,0.32,0.34,0.32,0.34,0.32,0.34
White1,212,222,212,222,212,222,0.32,0.34,0.32,0.34,0.32,0.34
White1,223,233,223,233,223,233,0.32,0.34,0.32,0.34,0.32,0.34
White1,234,244,234,244,234,244,0.32,0.34,0.32,0.34,0.32,0.34
White1,245,255,245,255,245,255,0.32,0.34,0.32,0.34,0.32,0.34
White1,255,255,227,233,203,209,0.367,0.372,0.331,0.337,0.294,0.301
Black25,0,16,0,16,0,16,0.32,0.34,0.32,0.34,0.32,0.34
Black25,17,27,17,27,17,27,0.32,0.34,0.32,0.34,0.32,0.34
Black25,28,38,28,38,28,38,0.32,0.34,0.32,0.34,0.32,0.34
Black25,39,49,39,49,39,49,0.32,0.34,0.32,0.34,0.32,0.34
Black25,50,60,50,60,50,60,0.32,0.34,0.32,0.34,0.32,0.34
